{
  "male": 0.6333526228249152,
  "age": -1.416489366414042,
  "education": -0.29776047979893233,
  "currentSmoker": -1.0100642731329075,
  "cigsPerDay": -0.04926790495129596,
  "BPMeds": 0.08314439397770138,
  "prevalentStroke": 0.2924530661220612,
  "prevalentHyp": 0.32613645199293473,
  "diabetes": -1.4224723046506123,
  "totChol": 0.20136219256394736,
  "sysBP": -0.7404403951036377,
  "diaBP": -0.9186930511351458,
  "BMI": 0.008555204611196908,
  "heartRate": -0.5104644638389552,
  "glucose": 0.7281333770033717
}