male,age,education,currentSmoker,cigsPerDay,BPMeds,prevalentStroke,prevalentHyp,diabetes,totChol,sysBP,diaBP,BMI,heartRate,glucose,TenYearCHD
0.6333526228249152,-1.416489366414042,-0.29776047979893233,-1.0100642731329075,-0.04926790495129596,0.08314439397770138,0.2924530661220612,0.32613645199293473,-1.4224723046506123,0.20136219256394736,-0.7404403951036377,-0.9186930511351458,0.008555204611196908,-0.5104644638389552,0.7281333770033717,1
0.6131231363365798,-0.8665073572768981,-0.15059799836040494,-1.1541714262983167,-2.656944947302302,-0.6031961366575651,0.08246330883800362,0.7513187611407651,0.3361401962975113,-0.25731059154372726,1.6825702767746862,0.1137487520243075,1.268766910682261,-1.060661504805897,1.023621929685403,1
1.0425133694426776,3.0660367390488967,-0.14777180989980965,1.5570779556716277,0.17602090575725726,1.3799679163043477,-0.4574969296706332,0.5272356224228922,-0.8134123396910091,0.486833642037625,-0.6715777258117438,-1.1341153148393792,1.3820403205947949,1.6589946627639058,-0.4550816031075432,1
-0.1521929584082903,-0.6032918841422477,1.2687315727053823,-1.216323411889306,-0.5070600672915547,-0.964469711004393,0.1807779263636032,-1.1530447886506225,-1.277085220600018,-0.14545132766747096,2.044688914832303,-2.6549489142052405,-0.5852353969375876,-0.21223803884315595,1.7071801575442103,0
-1.184117966757189,-0.8307519568543374,-0.08452148800245243,-0.676001725621899,0.5353096473418112,0.4497770983764295,0.8978342991592051,1.0952466167045747,-1.6004953758484026,0.6562705924235791,-0.3449469321283783,-0.6789510067084001,-0.2101495445534617,0.003694036815516788,1.4863565019736626,0
